X1,X2,X3,Y
1,104,862,187
82,203,995,141
70,239,736,161
85,488,811,181
70,471,844,123
16,401,780,84
51,154,919,114
87,147,816,102
83,389,938,97
31,260,937,175
23,76,982,129
5,329,720,91
35,314,710,136
96,484,892,89
32,210,828,183
33,92,702,151
41,491,984,162
1,335,755,60
92,191,977,50
32,360,812,196
